{
    "loss": 1.1836791038513184,
    "accuracy": 0.4842715263366699
}