{
    "loss": 1.2144559621810913,
    "accuracy": 0.4722222089767456
}