{
    "loss": 1.3925764560699463,
    "accuracy": 0.444536417722702
}